{
  "Capacity_CabinetFrozen": 990000,
  "Capacity_CabinetNormal": 990000,
  "Capacity_StoragePod_A": 990000,
  "Capacity_StoragePod_B": 990000,
  "Capacity_StoragePod_C": 990000,
  "Capacity_LogisticOutBox": 990000,
  "Range_AutoSweeper": 10,
  "Enable_CabinetFrozen": true,
  "Enable_CabinetNormal": true,
  "Enable_StoragePod_A": true,
  "Enable_StoragePod_B": true,
  "Enable_StoragePod_C": true,
  "Enable_LogisticVent": true,
  "Enable_LogisticFilter": true,
  "Enable_LogisticOutBox": true,
  "Enable_LogisticLoader": true,
  "Enable_LogisticBridge": true,
  "Enable_LogisticRail": true,
  "Enable_LogisticAutoSweeper": true
}